Mapping-ID;Werktyp;Rechtsgebiet;Kanonische Zitierform;Variante / Suchform;Suchmodus;Ganzwortsuche;Aktion Analysemodus;Aktion Reviewmodus;Aktion Korrekturmodus;Sicherheitsstufe;Automatische Korrektur erlaubt?;Kommentarcode;Beispiel-Sollmuster;Hinweis / Grenze;Aktiv;Version;Stand
WM-001;Kommentar BGB;BGB;MüKoBGB;Münchener Kommentar zum BGB;Textvergleich ohne Groß-/Kleinschreibung;Ja;"Nur Gesamtzahl bei sicherer Variante; sonst CSV";"Nur Gesamtzahl bei sicherer Variante; sonst Sammelkommentar + CSV";"Sichere Variante ersetzen; sonst Sammelkommentar + CSV";Wahrscheinlich;Ja, nur bei eindeutiger Variante;WERK-001;MüKoBGB/Bearbeiter, 9. Aufl. 2022, § 823 Rn. 12.;Auflage/Jahr lehrstuhlintern festlegen.;Ja;4.5;2026-07-26
WM-002;Kommentar BGB;BGB;MüKoBGB;MünchKomm BGB;Textvergleich ohne Groß-/Kleinschreibung;Ja;"Nur Gesamtzahl bei sicherer Variante; sonst CSV";"Nur Gesamtzahl bei sicherer Variante; sonst Sammelkommentar + CSV";"Sichere Variante ersetzen; sonst Sammelkommentar + CSV";Wahrscheinlich;Ja, nur bei eindeutiger Variante;WERK-001;MüKoBGB/Bearbeiter, 9. Aufl. 2022, § 823 Rn. 12.;Auflage/Jahr lehrstuhlintern festlegen.;Ja;4.5;2026-07-26
WM-003;Kommentar BGB;BGB;MüKoBGB;MüKo BGB;Textvergleich ohne Groß-/Kleinschreibung;Ja;"Nur Gesamtzahl bei sicherer Variante; sonst CSV";"Nur Gesamtzahl bei sicherer Variante; sonst Sammelkommentar + CSV";"Sichere Variante ersetzen; sonst Sammelkommentar + CSV";Wahrscheinlich;Ja, nur bei eindeutiger Variante;WERK-001;MüKoBGB/Bearbeiter, 9. Aufl. 2022, § 823 Rn. 12.;Auflage/Jahr lehrstuhlintern festlegen.;Ja;4.5;2026-07-26
WM-004;Kommentar BGB;BGB;MüKoBGB;MüKo-BGB;Textvergleich ohne Groß-/Kleinschreibung;Ja;"Nur Gesamtzahl bei sicherer Variante; sonst CSV";"Nur Gesamtzahl bei sicherer Variante; sonst Sammelkommentar + CSV";"Sichere Variante ersetzen; sonst Sammelkommentar + CSV";Wahrscheinlich;Ja, nur bei eindeutiger Variante;WERK-001;MüKoBGB/Bearbeiter, 9. Aufl. 2022, § 823 Rn. 12.;Auflage/Jahr lehrstuhlintern festlegen.;Ja;4.5;2026-07-26
WM-005;Kommentar BGB;BGB;MüKoBGB;MK-BGB;Textvergleich ohne Groß-/Kleinschreibung;Ja;"Nur Gesamtzahl bei sicherer Variante; sonst CSV";"Nur Gesamtzahl bei sicherer Variante; sonst Sammelkommentar + CSV";"Sichere Variante ersetzen; sonst Sammelkommentar + CSV";Wahrscheinlich;Ja, nur bei eindeutiger Variante;WERK-001;MüKoBGB/Bearbeiter, 9. Aufl. 2022, § 823 Rn. 12.;Auflage/Jahr lehrstuhlintern festlegen.;Ja;4.5;2026-07-26
WM-006;Kommentar BGB;BGB;BeckOK BGB;Beck Online-Kommentar BGB;Textvergleich ohne Groß-/Kleinschreibung;Ja;"Nur Gesamtzahl bei sicherer Variante; sonst CSV";"Nur Gesamtzahl bei sicherer Variante; sonst Sammelkommentar + CSV";"Sichere Variante ersetzen; sonst Sammelkommentar + CSV";Wahrscheinlich;Ja, nur bei eindeutiger Variante;WERK-001;BeckOK BGB/Bearbeiter, § 823 Rn. 12.;Versions-/Editionsangabe ist Stilfrage.;Ja;4.5;2026-07-26
WM-007;Kommentar BGB;BGB;BeckOK BGB;BeckOK-BGB;Textvergleich ohne Groß-/Kleinschreibung;Ja;"Nur Gesamtzahl bei sicherer Variante; sonst CSV";"Nur Gesamtzahl bei sicherer Variante; sonst Sammelkommentar + CSV";"Sichere Variante ersetzen; sonst Sammelkommentar + CSV";Wahrscheinlich;Ja, nur bei eindeutiger Variante;WERK-001;BeckOK BGB/Bearbeiter, § 823 Rn. 12.;Versions-/Editionsangabe ist Stilfrage.;Ja;4.5;2026-07-26
WM-008;Kommentar BGB;BGB;BeckOK BGB;Beck OK BGB;Textvergleich ohne Groß-/Kleinschreibung;Ja;"Nur Gesamtzahl bei sicherer Variante; sonst CSV";"Nur Gesamtzahl bei sicherer Variante; sonst Sammelkommentar + CSV";"Sichere Variante ersetzen; sonst Sammelkommentar + CSV";Wahrscheinlich;Ja, nur bei eindeutiger Variante;WERK-001;BeckOK BGB/Bearbeiter, § 823 Rn. 12.;Versions-/Editionsangabe ist Stilfrage.;Ja;4.5;2026-07-26
WM-009;Kommentar BGB;BGB;BeckOGK;Beck-Online.Grosskommentar;Textvergleich ohne Groß-/Kleinschreibung;Ja;"Nur Gesamtzahl bei sicherer Variante; sonst CSV";"Nur Gesamtzahl bei sicherer Variante; sonst Sammelkommentar + CSV";"Sichere Variante ersetzen; sonst Sammelkommentar + CSV";Wahrscheinlich;Ja, nur bei eindeutiger Variante;WERK-001;BeckOGK/Bearbeiter, § 823 Rn. 12.;Konkrete Zitierform prüfen.;Ja;4.5;2026-07-26
WM-010;Kommentar BGB;BGB;BeckOGK;BeckOGK BGB;Textvergleich ohne Groß-/Kleinschreibung;Ja;"Nur Gesamtzahl bei sicherer Variante; sonst CSV";"Nur Gesamtzahl bei sicherer Variante; sonst Sammelkommentar + CSV";"Sichere Variante ersetzen; sonst Sammelkommentar + CSV";Wahrscheinlich;Ja, nur bei eindeutiger Variante;WERK-001;BeckOGK/Bearbeiter, § 823 Rn. 12.;Konkrete Zitierform prüfen.;Ja;4.5;2026-07-26
WM-011;Kommentar BGB;BGB;BeckOGK;BeckOGK-BGB;Textvergleich ohne Groß-/Kleinschreibung;Ja;"Nur Gesamtzahl bei sicherer Variante; sonst CSV";"Nur Gesamtzahl bei sicherer Variante; sonst Sammelkommentar + CSV";"Sichere Variante ersetzen; sonst Sammelkommentar + CSV";Wahrscheinlich;Ja, nur bei eindeutiger Variante;WERK-001;BeckOGK/Bearbeiter, § 823 Rn. 12.;Konkrete Zitierform prüfen.;Ja;4.5;2026-07-26
WM-012;Kommentar BGB;BGB;Staudinger;J. von Staudingers Kommentar;Textvergleich ohne Groß-/Kleinschreibung;Ja;"Nur Gesamtzahl bei sicherer Variante; sonst CSV";"Nur Gesamtzahl bei sicherer Variante; sonst Sammelkommentar + CSV";"Sichere Variante ersetzen; sonst Sammelkommentar + CSV";Unsicher;Nein;WERK-002;Staudinger/Bearbeiter, BGB, § 823 Rn. 12.;Staudinger-Zitate können editionsspezifisch sein.;Ja;4.5;2026-07-26
WM-013;Kommentar BGB;BGB;Staudinger;Staudinger BGB;Textvergleich ohne Groß-/Kleinschreibung;Ja;"Nur Gesamtzahl bei sicherer Variante; sonst CSV";"Nur Gesamtzahl bei sicherer Variante; sonst Sammelkommentar + CSV";"Sichere Variante ersetzen; sonst Sammelkommentar + CSV";Unsicher;Nein;WERK-002;Staudinger/Bearbeiter, BGB, § 823 Rn. 12.;Staudinger-Zitate können editionsspezifisch sein.;Ja;4.5;2026-07-26
WM-014;Kommentar BGB;BGB;Erman;Erman BGB;Textvergleich ohne Groß-/Kleinschreibung;Ja;"Nur Gesamtzahl bei sicherer Variante; sonst CSV";"Nur Gesamtzahl bei sicherer Variante; sonst Sammelkommentar + CSV";"Sichere Variante ersetzen; sonst Sammelkommentar + CSV";Wahrscheinlich;Ja, nur bei eindeutiger Variante;WERK-001;Erman/Bearbeiter, BGB, § 823 Rn. 12.;;Ja;4.5;2026-07-26
WM-015;Kommentar BGB;BGB;Erman;Erman;Textvergleich ohne Groß-/Kleinschreibung;Ja;"Nur Gesamtzahl bei sicherer Variante; sonst CSV";"Nur Gesamtzahl bei sicherer Variante; sonst Sammelkommentar + CSV";"Sichere Variante ersetzen; sonst Sammelkommentar + CSV";Wahrscheinlich;Ja, nur bei eindeutiger Variante;WERK-001;Erman/Bearbeiter, BGB, § 823 Rn. 12.;;Ja;4.5;2026-07-26
WM-016;Kommentar BGB;BGB;Grüneberg;Palandt;Textvergleich ohne Groß-/Kleinschreibung;Ja;"Nur Gesamtzahl bei sicherer Variante; sonst CSV";"Nur Gesamtzahl bei sicherer Variante; sonst Sammelkommentar + CSV";"Sichere Variante ersetzen; sonst Sammelkommentar + CSV";Unsicher;Nein;WERK-002;Grüneberg/Bearbeiter, BGB, § 823 Rn. 12.;Historische Auflagen können andere Bezeichnung rechtfertigen.;Ja;4.5;2026-07-26
WM-017;Kommentar BGB;BGB;Grüneberg;Palandt/Grüneberg;Textvergleich ohne Groß-/Kleinschreibung;Ja;"Nur Gesamtzahl bei sicherer Variante; sonst CSV";"Nur Gesamtzahl bei sicherer Variante; sonst Sammelkommentar + CSV";"Sichere Variante ersetzen; sonst Sammelkommentar + CSV";Unsicher;Nein;WERK-002;Grüneberg/Bearbeiter, BGB, § 823 Rn. 12.;Historische Auflagen können andere Bezeichnung rechtfertigen.;Ja;4.5;2026-07-26
WM-018;Kommentar BGB;BGB;Grüneberg;Grüneberg BGB;Textvergleich ohne Groß-/Kleinschreibung;Ja;"Nur Gesamtzahl bei sicherer Variante; sonst CSV";"Nur Gesamtzahl bei sicherer Variante; sonst Sammelkommentar + CSV";"Sichere Variante ersetzen; sonst Sammelkommentar + CSV";Unsicher;Nein;WERK-002;Grüneberg/Bearbeiter, BGB, § 823 Rn. 12.;Historische Auflagen können andere Bezeichnung rechtfertigen.;Ja;4.5;2026-07-26
WM-019;Kommentar StGB;StGB;MüKoStGB;Münchener Kommentar zum StGB;Textvergleich ohne Groß-/Kleinschreibung;Ja;"Nur Gesamtzahl bei sicherer Variante; sonst CSV";"Nur Gesamtzahl bei sicherer Variante; sonst Sammelkommentar + CSV";"Sichere Variante ersetzen; sonst Sammelkommentar + CSV";Wahrscheinlich;Ja, nur bei eindeutiger Variante;WERK-001;MüKoStGB/Bearbeiter, § 13 Rn. 12.;;Ja;4.5;2026-07-26
WM-020;Kommentar StGB;StGB;MüKoStGB;MüKo StGB;Textvergleich ohne Groß-/Kleinschreibung;Ja;"Nur Gesamtzahl bei sicherer Variante; sonst CSV";"Nur Gesamtzahl bei sicherer Variante; sonst Sammelkommentar + CSV";"Sichere Variante ersetzen; sonst Sammelkommentar + CSV";Wahrscheinlich;Ja, nur bei eindeutiger Variante;WERK-001;MüKoStGB/Bearbeiter, § 13 Rn. 12.;;Ja;4.5;2026-07-26
WM-021;Kommentar StGB;StGB;MüKoStGB;MüKo-StGB;Textvergleich ohne Groß-/Kleinschreibung;Ja;"Nur Gesamtzahl bei sicherer Variante; sonst CSV";"Nur Gesamtzahl bei sicherer Variante; sonst Sammelkommentar + CSV";"Sichere Variante ersetzen; sonst Sammelkommentar + CSV";Wahrscheinlich;Ja, nur bei eindeutiger Variante;WERK-001;MüKoStGB/Bearbeiter, § 13 Rn. 12.;;Ja;4.5;2026-07-26
WM-022;Kommentar StGB;StGB;MüKoStGB;MK-StGB;Textvergleich ohne Groß-/Kleinschreibung;Ja;"Nur Gesamtzahl bei sicherer Variante; sonst CSV";"Nur Gesamtzahl bei sicherer Variante; sonst Sammelkommentar + CSV";"Sichere Variante ersetzen; sonst Sammelkommentar + CSV";Wahrscheinlich;Ja, nur bei eindeutiger Variante;WERK-001;MüKoStGB/Bearbeiter, § 13 Rn. 12.;;Ja;4.5;2026-07-26
WM-023;Kommentar StGB;StGB;LK-StGB;Leipziger Kommentar;Textvergleich ohne Groß-/Kleinschreibung;Ja;"Nur Gesamtzahl bei sicherer Variante; sonst CSV";"Nur Gesamtzahl bei sicherer Variante; sonst Sammelkommentar + CSV";"Sichere Variante ersetzen; sonst Sammelkommentar + CSV";Wahrscheinlich;Ja, nur bei eindeutiger Variante;WERK-001;LK-StGB/Bearbeiter, § 13 Rn. 12.;;Ja;4.5;2026-07-26
WM-024;Kommentar StGB;StGB;LK-StGB;Leipziger Kommentar StGB;Textvergleich ohne Groß-/Kleinschreibung;Ja;"Nur Gesamtzahl bei sicherer Variante; sonst CSV";"Nur Gesamtzahl bei sicherer Variante; sonst Sammelkommentar + CSV";"Sichere Variante ersetzen; sonst Sammelkommentar + CSV";Wahrscheinlich;Ja, nur bei eindeutiger Variante;WERK-001;LK-StGB/Bearbeiter, § 13 Rn. 12.;;Ja;4.5;2026-07-26
WM-025;Kommentar StGB;StGB;LK-StGB;LK StGB;Textvergleich ohne Groß-/Kleinschreibung;Ja;"Nur Gesamtzahl bei sicherer Variante; sonst CSV";"Nur Gesamtzahl bei sicherer Variante; sonst Sammelkommentar + CSV";"Sichere Variante ersetzen; sonst Sammelkommentar + CSV";Wahrscheinlich;Ja, nur bei eindeutiger Variante;WERK-001;LK-StGB/Bearbeiter, § 13 Rn. 12.;;Ja;4.5;2026-07-26
WM-026;Kommentar StGB;StGB;Schönke/Schröder;S/S;Textvergleich ohne Groß-/Kleinschreibung;Ja;"Nur Gesamtzahl bei sicherer Variante; sonst CSV";"Nur Gesamtzahl bei sicherer Variante; sonst Sammelkommentar + CSV";"Sichere Variante ersetzen; sonst Sammelkommentar + CSV";Wahrscheinlich;Ja, nur bei eindeutiger Variante;WERK-001;Schönke/Schröder/Bearbeiter, StGB, § 13 Rn. 12.;;Ja;4.5;2026-07-26
WM-027;Kommentar StGB;StGB;Schönke/Schröder;Schönke-Schröder;Textvergleich ohne Groß-/Kleinschreibung;Ja;"Nur Gesamtzahl bei sicherer Variante; sonst CSV";"Nur Gesamtzahl bei sicherer Variante; sonst Sammelkommentar + CSV";"Sichere Variante ersetzen; sonst Sammelkommentar + CSV";Wahrscheinlich;Ja, nur bei eindeutiger Variante;WERK-001;Schönke/Schröder/Bearbeiter, StGB, § 13 Rn. 12.;;Ja;4.5;2026-07-26
WM-028;Kommentar StGB;StGB;Schönke/Schröder;Schönke Schröder;Textvergleich ohne Groß-/Kleinschreibung;Ja;"Nur Gesamtzahl bei sicherer Variante; sonst CSV";"Nur Gesamtzahl bei sicherer Variante; sonst Sammelkommentar + CSV";"Sichere Variante ersetzen; sonst Sammelkommentar + CSV";Wahrscheinlich;Ja, nur bei eindeutiger Variante;WERK-001;Schönke/Schröder/Bearbeiter, StGB, § 13 Rn. 12.;;Ja;4.5;2026-07-26
WM-029;Kommentar StGB;StGB;Fischer;Fischer StGB;Textvergleich ohne Groß-/Kleinschreibung;Ja;"Nur Gesamtzahl bei sicherer Variante; sonst CSV";"Nur Gesamtzahl bei sicherer Variante; sonst Sammelkommentar + CSV";"Sichere Variante ersetzen; sonst Sammelkommentar + CSV";Unsicher;Nein;WERK-002;Fischer, StGB, § 13 Rn. 12.;Einzelautor-Kommentar ohne Bearbeitertrenner.;Ja;4.5;2026-07-26
WM-030;Kommentar StGB;StGB;Fischer;Fischer, StGB;Textvergleich ohne Groß-/Kleinschreibung;Ja;"Nur Gesamtzahl bei sicherer Variante; sonst CSV";"Nur Gesamtzahl bei sicherer Variante; sonst Sammelkommentar + CSV";"Sichere Variante ersetzen; sonst Sammelkommentar + CSV";Unsicher;Nein;WERK-002;Fischer, StGB, § 13 Rn. 12.;Einzelautor-Kommentar ohne Bearbeitertrenner.;Ja;4.5;2026-07-26
WM-031;Kommentar StGB;StGB;BeckOK StGB;Beck Online-Kommentar StGB;Textvergleich ohne Groß-/Kleinschreibung;Ja;"Nur Gesamtzahl bei sicherer Variante; sonst CSV";"Nur Gesamtzahl bei sicherer Variante; sonst Sammelkommentar + CSV";"Sichere Variante ersetzen; sonst Sammelkommentar + CSV";Wahrscheinlich;Ja, nur bei eindeutiger Variante;WERK-001;BeckOK StGB/Bearbeiter, § 13 Rn. 12.;;Ja;4.5;2026-07-26
WM-032;Kommentar StGB;StGB;BeckOK StGB;BeckOK-StGB;Textvergleich ohne Groß-/Kleinschreibung;Ja;"Nur Gesamtzahl bei sicherer Variante; sonst CSV";"Nur Gesamtzahl bei sicherer Variante; sonst Sammelkommentar + CSV";"Sichere Variante ersetzen; sonst Sammelkommentar + CSV";Wahrscheinlich;Ja, nur bei eindeutiger Variante;WERK-001;BeckOK StGB/Bearbeiter, § 13 Rn. 12.;;Ja;4.5;2026-07-26
WM-033;Kommentar StGB;StGB;BeckOK StGB;Beck OK StGB;Textvergleich ohne Groß-/Kleinschreibung;Ja;"Nur Gesamtzahl bei sicherer Variante; sonst CSV";"Nur Gesamtzahl bei sicherer Variante; sonst Sammelkommentar + CSV";"Sichere Variante ersetzen; sonst Sammelkommentar + CSV";Wahrscheinlich;Ja, nur bei eindeutiger Variante;WERK-001;BeckOK StGB/Bearbeiter, § 13 Rn. 12.;;Ja;4.5;2026-07-26
WM-034;Kommentar StGB;StGB;NK-StGB;Nomos Kommentar StGB;Textvergleich ohne Groß-/Kleinschreibung;Ja;"Nur Gesamtzahl bei sicherer Variante; sonst CSV";"Nur Gesamtzahl bei sicherer Variante; sonst Sammelkommentar + CSV";"Sichere Variante ersetzen; sonst Sammelkommentar + CSV";Wahrscheinlich;Ja, nur bei eindeutiger Variante;WERK-001;NK-StGB/Bearbeiter, § 13 Rn. 12.;;Ja;4.5;2026-07-26
WM-035;Kommentar StGB;StGB;NK-StGB;NomosKommentar StGB;Textvergleich ohne Groß-/Kleinschreibung;Ja;"Nur Gesamtzahl bei sicherer Variante; sonst CSV";"Nur Gesamtzahl bei sicherer Variante; sonst Sammelkommentar + CSV";"Sichere Variante ersetzen; sonst Sammelkommentar + CSV";Wahrscheinlich;Ja, nur bei eindeutiger Variante;WERK-001;NK-StGB/Bearbeiter, § 13 Rn. 12.;;Ja;4.5;2026-07-26
WM-036;Kommentar StGB;StGB;NK-StGB;NK StGB;Textvergleich ohne Groß-/Kleinschreibung;Ja;"Nur Gesamtzahl bei sicherer Variante; sonst CSV";"Nur Gesamtzahl bei sicherer Variante; sonst Sammelkommentar + CSV";"Sichere Variante ersetzen; sonst Sammelkommentar + CSV";Wahrscheinlich;Ja, nur bei eindeutiger Variante;WERK-001;NK-StGB/Bearbeiter, § 13 Rn. 12.;;Ja;4.5;2026-07-26
WM-037;Kommentar StGB;StGB;SSW-StGB;Satzger/Schluckebier/Widmaier;Textvergleich ohne Groß-/Kleinschreibung;Ja;"Nur Gesamtzahl bei sicherer Variante; sonst CSV";"Nur Gesamtzahl bei sicherer Variante; sonst Sammelkommentar + CSV";"Sichere Variante ersetzen; sonst Sammelkommentar + CSV";Wahrscheinlich;Ja, nur bei eindeutiger Variante;WERK-001;SSW-StGB/Bearbeiter, § 13 Rn. 12.;;Ja;4.5;2026-07-26
WM-038;Kommentar StGB;StGB;SSW-StGB;SSW StGB;Textvergleich ohne Groß-/Kleinschreibung;Ja;"Nur Gesamtzahl bei sicherer Variante; sonst CSV";"Nur Gesamtzahl bei sicherer Variante; sonst Sammelkommentar + CSV";"Sichere Variante ersetzen; sonst Sammelkommentar + CSV";Wahrscheinlich;Ja, nur bei eindeutiger Variante;WERK-001;SSW-StGB/Bearbeiter, § 13 Rn. 12.;;Ja;4.5;2026-07-26
WM-039;Kommentar StPO;StPO;Meyer-Goßner/Schmitt;Meyer-Gossner/Schmitt;Textvergleich ohne Groß-/Kleinschreibung;Ja;"Nur Gesamtzahl bei sicherer Variante; sonst CSV";"Nur Gesamtzahl bei sicherer Variante; sonst Sammelkommentar + CSV";"Sichere Variante ersetzen; sonst Sammelkommentar + CSV";Wahrscheinlich;Ja, nur bei eindeutiger Variante;WERK-001;Meyer-Goßner/Schmitt, StPO, § 136 Rn. 12.;Einzelautor-/Mehrpersonenwerk, meist ohne Bearbeiter.;Ja;4.5;2026-07-26
WM-040;Kommentar StPO;StPO;Meyer-Goßner/Schmitt;M-G/S;Textvergleich ohne Groß-/Kleinschreibung;Ja;"Nur Gesamtzahl bei sicherer Variante; sonst CSV";"Nur Gesamtzahl bei sicherer Variante; sonst Sammelkommentar + CSV";"Sichere Variante ersetzen; sonst Sammelkommentar + CSV";Wahrscheinlich;Ja, nur bei eindeutiger Variante;WERK-001;Meyer-Goßner/Schmitt, StPO, § 136 Rn. 12.;Einzelautor-/Mehrpersonenwerk, meist ohne Bearbeiter.;Ja;4.5;2026-07-26
WM-041;Kommentar StPO;StPO;Meyer-Goßner/Schmitt;Meyer-Goßner Schmitt;Textvergleich ohne Groß-/Kleinschreibung;Ja;"Nur Gesamtzahl bei sicherer Variante; sonst CSV";"Nur Gesamtzahl bei sicherer Variante; sonst Sammelkommentar + CSV";"Sichere Variante ersetzen; sonst Sammelkommentar + CSV";Wahrscheinlich;Ja, nur bei eindeutiger Variante;WERK-001;Meyer-Goßner/Schmitt, StPO, § 136 Rn. 12.;Einzelautor-/Mehrpersonenwerk, meist ohne Bearbeiter.;Ja;4.5;2026-07-26
WM-042;Kommentar StPO;StPO;KK-StPO;Karlsruher Kommentar StPO;Textvergleich ohne Groß-/Kleinschreibung;Ja;"Nur Gesamtzahl bei sicherer Variante; sonst CSV";"Nur Gesamtzahl bei sicherer Variante; sonst Sammelkommentar + CSV";"Sichere Variante ersetzen; sonst Sammelkommentar + CSV";Wahrscheinlich;Ja, nur bei eindeutiger Variante;WERK-001;KK-StPO/Bearbeiter, § 136 Rn. 12.;;Ja;4.5;2026-07-26
WM-043;Kommentar StPO;StPO;KK-StPO;KK StPO;Textvergleich ohne Groß-/Kleinschreibung;Ja;"Nur Gesamtzahl bei sicherer Variante; sonst CSV";"Nur Gesamtzahl bei sicherer Variante; sonst Sammelkommentar + CSV";"Sichere Variante ersetzen; sonst Sammelkommentar + CSV";Wahrscheinlich;Ja, nur bei eindeutiger Variante;WERK-001;KK-StPO/Bearbeiter, § 136 Rn. 12.;;Ja;4.5;2026-07-26
WM-044;Kommentar StPO;StPO;LR-StPO;Löwe-Rosenberg;Textvergleich ohne Groß-/Kleinschreibung;Ja;"Nur Gesamtzahl bei sicherer Variante; sonst CSV";"Nur Gesamtzahl bei sicherer Variante; sonst Sammelkommentar + CSV";"Sichere Variante ersetzen; sonst Sammelkommentar + CSV";Wahrscheinlich;Ja, nur bei eindeutiger Variante;WERK-001;LR-StPO/Bearbeiter, § 136 Rn. 12.;;Ja;4.5;2026-07-26
WM-045;Kommentar StPO;StPO;LR-StPO;Loewe-Rosenberg;Textvergleich ohne Groß-/Kleinschreibung;Ja;"Nur Gesamtzahl bei sicherer Variante; sonst CSV";"Nur Gesamtzahl bei sicherer Variante; sonst Sammelkommentar + CSV";"Sichere Variante ersetzen; sonst Sammelkommentar + CSV";Wahrscheinlich;Ja, nur bei eindeutiger Variante;WERK-001;LR-StPO/Bearbeiter, § 136 Rn. 12.;;Ja;4.5;2026-07-26
WM-046;Kommentar StPO;StPO;LR-StPO;LR StPO;Textvergleich ohne Groß-/Kleinschreibung;Ja;"Nur Gesamtzahl bei sicherer Variante; sonst CSV";"Nur Gesamtzahl bei sicherer Variante; sonst Sammelkommentar + CSV";"Sichere Variante ersetzen; sonst Sammelkommentar + CSV";Wahrscheinlich;Ja, nur bei eindeutiger Variante;WERK-001;LR-StPO/Bearbeiter, § 136 Rn. 12.;;Ja;4.5;2026-07-26
WM-047;Kommentar StPO;StPO;MüKoStPO;Münchener Kommentar zur StPO;Textvergleich ohne Groß-/Kleinschreibung;Ja;"Nur Gesamtzahl bei sicherer Variante; sonst CSV";"Nur Gesamtzahl bei sicherer Variante; sonst Sammelkommentar + CSV";"Sichere Variante ersetzen; sonst Sammelkommentar + CSV";Wahrscheinlich;Ja, nur bei eindeutiger Variante;WERK-001;MüKoStPO/Bearbeiter, § 136 Rn. 12.;;Ja;4.5;2026-07-26
WM-048;Kommentar StPO;StPO;MüKoStPO;MüKo StPO;Textvergleich ohne Groß-/Kleinschreibung;Ja;"Nur Gesamtzahl bei sicherer Variante; sonst CSV";"Nur Gesamtzahl bei sicherer Variante; sonst Sammelkommentar + CSV";"Sichere Variante ersetzen; sonst Sammelkommentar + CSV";Wahrscheinlich;Ja, nur bei eindeutiger Variante;WERK-001;MüKoStPO/Bearbeiter, § 136 Rn. 12.;;Ja;4.5;2026-07-26
WM-049;Kommentar StPO;StPO;MüKoStPO;MüKo-StPO;Textvergleich ohne Groß-/Kleinschreibung;Ja;"Nur Gesamtzahl bei sicherer Variante; sonst CSV";"Nur Gesamtzahl bei sicherer Variante; sonst Sammelkommentar + CSV";"Sichere Variante ersetzen; sonst Sammelkommentar + CSV";Wahrscheinlich;Ja, nur bei eindeutiger Variante;WERK-001;MüKoStPO/Bearbeiter, § 136 Rn. 12.;;Ja;4.5;2026-07-26
WM-050;Kommentar StPO;StPO;BeckOK StPO;Beck Online-Kommentar StPO;Textvergleich ohne Groß-/Kleinschreibung;Ja;"Nur Gesamtzahl bei sicherer Variante; sonst CSV";"Nur Gesamtzahl bei sicherer Variante; sonst Sammelkommentar + CSV";"Sichere Variante ersetzen; sonst Sammelkommentar + CSV";Wahrscheinlich;Ja, nur bei eindeutiger Variante;WERK-001;BeckOK StPO/Bearbeiter, § 136 Rn. 12.;;Ja;4.5;2026-07-26
WM-051;Kommentar StPO;StPO;BeckOK StPO;BeckOK-StPO;Textvergleich ohne Groß-/Kleinschreibung;Ja;"Nur Gesamtzahl bei sicherer Variante; sonst CSV";"Nur Gesamtzahl bei sicherer Variante; sonst Sammelkommentar + CSV";"Sichere Variante ersetzen; sonst Sammelkommentar + CSV";Wahrscheinlich;Ja, nur bei eindeutiger Variante;WERK-001;BeckOK StPO/Bearbeiter, § 136 Rn. 12.;;Ja;4.5;2026-07-26
WM-052;Kommentar StPO;StPO;BeckOK StPO;Beck OK StPO;Textvergleich ohne Groß-/Kleinschreibung;Ja;"Nur Gesamtzahl bei sicherer Variante; sonst CSV";"Nur Gesamtzahl bei sicherer Variante; sonst Sammelkommentar + CSV";"Sichere Variante ersetzen; sonst Sammelkommentar + CSV";Wahrscheinlich;Ja, nur bei eindeutiger Variante;WERK-001;BeckOK StPO/Bearbeiter, § 136 Rn. 12.;;Ja;4.5;2026-07-26
WM-053;Kommentar ZPO;ZPO;Zöller;Zoeller;Textvergleich ohne Groß-/Kleinschreibung;Ja;"Nur Gesamtzahl bei sicherer Variante; sonst CSV";"Nur Gesamtzahl bei sicherer Variante; sonst Sammelkommentar + CSV";"Sichere Variante ersetzen; sonst Sammelkommentar + CSV";Wahrscheinlich;Ja, nur bei eindeutiger Variante;WERK-001;Zöller/Bearbeiter, ZPO, § 253 Rn. 12.;;Ja;4.5;2026-07-26
WM-054;Kommentar ZPO;ZPO;Zöller;Zöller ZPO;Textvergleich ohne Groß-/Kleinschreibung;Ja;"Nur Gesamtzahl bei sicherer Variante; sonst CSV";"Nur Gesamtzahl bei sicherer Variante; sonst Sammelkommentar + CSV";"Sichere Variante ersetzen; sonst Sammelkommentar + CSV";Wahrscheinlich;Ja, nur bei eindeutiger Variante;WERK-001;Zöller/Bearbeiter, ZPO, § 253 Rn. 12.;;Ja;4.5;2026-07-26
WM-055;Kommentar ZPO;ZPO;Zöller;Zöller, ZPO;Textvergleich ohne Groß-/Kleinschreibung;Ja;"Nur Gesamtzahl bei sicherer Variante; sonst CSV";"Nur Gesamtzahl bei sicherer Variante; sonst Sammelkommentar + CSV";"Sichere Variante ersetzen; sonst Sammelkommentar + CSV";Wahrscheinlich;Ja, nur bei eindeutiger Variante;WERK-001;Zöller/Bearbeiter, ZPO, § 253 Rn. 12.;;Ja;4.5;2026-07-26
WM-056;Kommentar GG;GG;Maunz/Dürig;Maunz-Dürig;Textvergleich ohne Groß-/Kleinschreibung;Ja;"Nur Gesamtzahl bei sicherer Variante; sonst CSV";"Nur Gesamtzahl bei sicherer Variante; sonst Sammelkommentar + CSV";"Sichere Variante ersetzen; sonst Sammelkommentar + CSV";Wahrscheinlich;Ja, nur bei eindeutiger Variante;WERK-001;Maunz/Dürig/Bearbeiter, GG, Art. 2 Rn. 12.;;Ja;4.5;2026-07-26
WM-057;Kommentar GG;GG;Maunz/Dürig;Maunz Dürig;Textvergleich ohne Groß-/Kleinschreibung;Ja;"Nur Gesamtzahl bei sicherer Variante; sonst CSV";"Nur Gesamtzahl bei sicherer Variante; sonst Sammelkommentar + CSV";"Sichere Variante ersetzen; sonst Sammelkommentar + CSV";Wahrscheinlich;Ja, nur bei eindeutiger Variante;WERK-001;Maunz/Dürig/Bearbeiter, GG, Art. 2 Rn. 12.;;Ja;4.5;2026-07-26
WM-058;Kommentar GG;GG;Maunz/Dürig;M/D;Textvergleich ohne Groß-/Kleinschreibung;Ja;"Nur Gesamtzahl bei sicherer Variante; sonst CSV";"Nur Gesamtzahl bei sicherer Variante; sonst Sammelkommentar + CSV";"Sichere Variante ersetzen; sonst Sammelkommentar + CSV";Wahrscheinlich;Ja, nur bei eindeutiger Variante;WERK-001;Maunz/Dürig/Bearbeiter, GG, Art. 2 Rn. 12.;;Ja;4.5;2026-07-26
WM-059;Kommentar GG;GG;Jarass/Pieroth;Jarass Pieroth;Textvergleich ohne Groß-/Kleinschreibung;Ja;"Nur Gesamtzahl bei sicherer Variante; sonst CSV";"Nur Gesamtzahl bei sicherer Variante; sonst Sammelkommentar + CSV";"Sichere Variante ersetzen; sonst Sammelkommentar + CSV";Wahrscheinlich;Ja, nur bei eindeutiger Variante;WERK-001;Jarass/Pieroth, GG, Art. 2 Rn. 12.;;Ja;4.5;2026-07-26
WM-060;Kommentar GG;GG;Jarass/Pieroth;J/P;Textvergleich ohne Groß-/Kleinschreibung;Ja;"Nur Gesamtzahl bei sicherer Variante; sonst CSV";"Nur Gesamtzahl bei sicherer Variante; sonst Sammelkommentar + CSV";"Sichere Variante ersetzen; sonst Sammelkommentar + CSV";Wahrscheinlich;Ja, nur bei eindeutiger Variante;WERK-001;Jarass/Pieroth, GG, Art. 2 Rn. 12.;;Ja;4.5;2026-07-26
WM-061;Zeitschrift;Allgemein;NJW;Neue Juristische Wochenschrift;Textvergleich ohne Groß-/Kleinschreibung;Ja;"Nur Gesamtzahl bei sicherer Variante; sonst CSV";"Nur Gesamtzahl bei sicherer Variante; sonst Sammelkommentar + CSV";"Sichere Variante ersetzen; sonst Sammelkommentar + CSV";Wahrscheinlich;Ja, nur bei eindeutiger Variante;WERK-001;Autor, NJW 2024, 1234 (1236).;;Ja;4.5;2026-07-26
WM-062;Zeitschrift;Allgemein;NJW;NJW.;Textvergleich ohne Groß-/Kleinschreibung;Ja;"Nur Gesamtzahl bei sicherer Variante; sonst CSV";"Nur Gesamtzahl bei sicherer Variante; sonst Sammelkommentar + CSV";"Sichere Variante ersetzen; sonst Sammelkommentar + CSV";Wahrscheinlich;Ja, nur bei eindeutiger Variante;WERK-001;Autor, NJW 2024, 1234 (1236).;;Ja;4.5;2026-07-26
WM-063;Zeitschrift;Allgemein;NStZ;Neue Zeitschrift für Strafrecht;Textvergleich ohne Groß-/Kleinschreibung;Ja;"Nur Gesamtzahl bei sicherer Variante; sonst CSV";"Nur Gesamtzahl bei sicherer Variante; sonst Sammelkommentar + CSV";"Sichere Variante ersetzen; sonst Sammelkommentar + CSV";Wahrscheinlich;Ja, nur bei eindeutiger Variante;WERK-001;Autor, NStZ 2024, 123 (125).;;Ja;4.5;2026-07-26
WM-064;Zeitschrift;Allgemein;NStZ;NStz;Textvergleich ohne Groß-/Kleinschreibung;Ja;"Nur Gesamtzahl bei sicherer Variante; sonst CSV";"Nur Gesamtzahl bei sicherer Variante; sonst Sammelkommentar + CSV";"Sichere Variante ersetzen; sonst Sammelkommentar + CSV";Wahrscheinlich;Ja, nur bei eindeutiger Variante;WERK-001;Autor, NStZ 2024, 123 (125).;;Ja;4.5;2026-07-26
WM-065;Zeitschrift;Allgemein;NStZ;NStZ.;Textvergleich ohne Groß-/Kleinschreibung;Ja;"Nur Gesamtzahl bei sicherer Variante; sonst CSV";"Nur Gesamtzahl bei sicherer Variante; sonst Sammelkommentar + CSV";"Sichere Variante ersetzen; sonst Sammelkommentar + CSV";Wahrscheinlich;Ja, nur bei eindeutiger Variante;WERK-001;Autor, NStZ 2024, 123 (125).;;Ja;4.5;2026-07-26
WM-066;Zeitschrift;Allgemein;JuS;Juristische Schulung;Textvergleich ohne Groß-/Kleinschreibung;Ja;"Nur Gesamtzahl bei sicherer Variante; sonst CSV";"Nur Gesamtzahl bei sicherer Variante; sonst Sammelkommentar + CSV";"Sichere Variante ersetzen; sonst Sammelkommentar + CSV";Wahrscheinlich;Ja, nur bei eindeutiger Variante;WERK-001;Autor, JuS 2024, 123 (125).;;Ja;4.5;2026-07-26
WM-067;Zeitschrift;Allgemein;JuS;Jus;Textvergleich ohne Groß-/Kleinschreibung;Ja;"Nur Gesamtzahl bei sicherer Variante; sonst CSV";"Nur Gesamtzahl bei sicherer Variante; sonst Sammelkommentar + CSV";"Sichere Variante ersetzen; sonst Sammelkommentar + CSV";Wahrscheinlich;Ja, nur bei eindeutiger Variante;WERK-001;Autor, JuS 2024, 123 (125).;;Ja;4.5;2026-07-26
WM-068;Zeitschrift;Allgemein;JuS;JuS.;Textvergleich ohne Groß-/Kleinschreibung;Ja;"Nur Gesamtzahl bei sicherer Variante; sonst CSV";"Nur Gesamtzahl bei sicherer Variante; sonst Sammelkommentar + CSV";"Sichere Variante ersetzen; sonst Sammelkommentar + CSV";Wahrscheinlich;Ja, nur bei eindeutiger Variante;WERK-001;Autor, JuS 2024, 123 (125).;;Ja;4.5;2026-07-26
WM-069;Zeitschrift;Allgemein;wistra;Wirtschaft und Steuerstrafrecht;Textvergleich ohne Groß-/Kleinschreibung;Ja;"Nur Gesamtzahl bei sicherer Variante; sonst CSV";"Nur Gesamtzahl bei sicherer Variante; sonst Sammelkommentar + CSV";"Sichere Variante ersetzen; sonst Sammelkommentar + CSV";Wahrscheinlich;Ja, nur bei eindeutiger Variante;WERK-001;Autor, wistra 2024, 123 (125).;Groß-/Kleinschreibung lehrstuhlintern festlegen.;Ja;4.5;2026-07-26
WM-070;Zeitschrift;Allgemein;wistra;Wistra;Textvergleich ohne Groß-/Kleinschreibung;Ja;"Nur Gesamtzahl bei sicherer Variante; sonst CSV";"Nur Gesamtzahl bei sicherer Variante; sonst Sammelkommentar + CSV";"Sichere Variante ersetzen; sonst Sammelkommentar + CSV";Wahrscheinlich;Ja, nur bei eindeutiger Variante;WERK-001;Autor, wistra 2024, 123 (125).;Groß-/Kleinschreibung lehrstuhlintern festlegen.;Ja;4.5;2026-07-26
WM-071;Zeitschrift;Allgemein;wistra;wistra.;Textvergleich ohne Groß-/Kleinschreibung;Ja;"Nur Gesamtzahl bei sicherer Variante; sonst CSV";"Nur Gesamtzahl bei sicherer Variante; sonst Sammelkommentar + CSV";"Sichere Variante ersetzen; sonst Sammelkommentar + CSV";Wahrscheinlich;Ja, nur bei eindeutiger Variante;WERK-001;Autor, wistra 2024, 123 (125).;Groß-/Kleinschreibung lehrstuhlintern festlegen.;Ja;4.5;2026-07-26
